product_id,warehouse,stock,reorder_level,safety,updated_on
Coffee 200g,WH-AHM,6395,650,183,30-03-2026
SKU100,WH-MUM,1051,538,229,27-03-2026
SKU100,WH-RAI,9099,709,235,12-03-2026
SKU100,WH-JAI,7632,611,197,31-03-2026
Coffee 200g,WH-IND,1585,183,283,31-03-2026
Coffee 200g,WH-DEL,8877,460,90,18-02-2026
Coffee 200g,WH-BLR,7939,197,49,02-02-2026
Milk 500ml,WH-AHM,6034,391,128,16-03-2026
Milk 500ml,WH-MUM,4412,356,68,25-02-2026
SKU101,WH-RAI,5014,449,76,08-03-2026
SKU101,WH-JAI,6870,50,196,31-03-2026
SKU101,WH-IND,3481,565,246,21-02-2026
SKU101,WH-DEL,7053,193,245,01-03-2026
Milk 500ml,WH-BLR,193,743,38,24-02-2026
SKU102,WH-AHM,425,340,189,06-02-2026
SKU102,WH-MUM,3314,771,96,12-03-2026
SKU102,WH-RAI,7548,168,176,25-03-2026
SKU102,WH-JAI,9491,423,218,17-03-2026
Biscuits 100g,WH-IND,9053,126,273,23-03-2026
Biscuits 100g,WH-DEL,1388,319,110,19-03-2026
SKU102,WH-BLR,1228,374,127,04-03-2026
SKU103,WH-AHM,4857,206,202,13-03-2026
SKU103,WH-MUM,2806,723,82,27-02-2026
Biscuits 200g,WH-RAI,5890,153,57,22-02-2026
Biscuits 200g,WH-JAI,3964,262,138,27-03-2026
SKU103,WH-IND,2976,663,145,21-03-2026
Biscuits 200g,WH-DEL,5112,626,150,01-03-2026
SKU103,WH-BLR,4690,534,217,08-03-2026
Detergent 500g,WH-AHM,70,727,59,09-03-2026
Detergent 500g,WH-MUM,4625,682,62,25-02-2026
Detergent 500g,WH-RAI,8504,388,83,24-03-2026
SKU104,WH-JAI,4658,386,88,26-02-2026
SKU104,WH-IND,4674,568,40,27-02-2026
SKU104,WH-DEL,8876,469,130,03-02-2026
Detergent 500g,WH-BLR,3832,574,286,14-02-2026
SKU105,WH-AHM,1449,356,144,30-03-2026
Detergent 2kg,WH-MUM,6993,730,23,26-03-2026
SKU105,WH-RAI,5611,234,58,03-03-2026
SKU105,WH-JAI,2342,410,166,01-04-2026
SKU105,WH-IND,3197,609,243,07-02-2026
SKU105,WH-DEL,4763,570,195,15-02-2026
SKU105,WH-BLR,5228,170,247,09-03-2026
SKU106,WH-AHM,1849,434,144,08-02-2026
SKU106,WH-MUM,6460,673,30,07-02-2026
SKU106,WH-RAI,5880,740,242,28-03-2026
Milk 1L,WH-JAI,4614,105,194,06-03-2026
SKU106,WH-IND,7563,89,268,07-02-2026
SKU106,WH-DEL,7518,705,179,03-03-2026
SKU106,WH-BLR,170,290,289,04-03-2026
SKU107,WH-AHM,8138,425,207,27-02-2026
Sunflower Oil 2L,WH-MUM,6861,57,57,17-02-2026
Sunflower Oil 2L,WH-RAI,6534,497,38,08-03-2026
SKU107,WH-JAI,3988,692,271,04-03-2026
SKU107,WH-IND,6562,696,159,03-02-2026
SKU107,WH-DEL,8796,650,181,27-03-2026
SKU107,WH-BLR,2757,375,192,10-03-2026
Sunflower Oil 1L,WH-AHM,1121,501,174,06-03-2026
SKU108,WH-MUM,6882,271,236,22-03-2026
Sunflower Oil 1L,WH-RAI,5284,146,121,18-03-2026
Sunflower Oil 1L,WH-JAI,2373,190,82,13-03-2026
SKU108,WH-IND,1484,254,165,06-03-2026
SKU108,WH-DEL,990,132,236,26-03-2026
SKU108,WH-BLR,8650,427,251,27-02-2026
SKU109,WH-AHM,3439,651,274,01-03-2026
SKU109,WH-MUM,6502,708,86,30-03-2026
SKU109,WH-RAI,1076,721,239,05-03-2026
Detergent 500g,WH-JAI,4599,411,228,01-02-2026
SKU109,WH-IND,9219,607,242,15-03-2026
SKU109,WH-DEL,8350,276,225,31-03-2026
Detergent 500g,WH-BLR,2618,407,133,16-03-2026
SKU110,WH-AHM,9080,468,246,25-03-2026
SKU110,WH-MUM,4151,75,233,16-02-2026
Peanut Butter Smooth 200g,WH-RAI,6948,753,91,16-02-2026
SKU110,WH-JAI,7726,202,141,03-03-2026
SKU110,WH-IND,1475,470,259,02-03-2026
SKU110,WH-DEL,8986,474,250,17-03-2026
SKU110,WH-BLR,7618,433,92,21-03-2026
Milk 500ml,WH-AHM,389,385,101,16-02-2026
SKU111,WH-MUM,5001,741,257,22-03-2026
SKU111,WH-RAI,5837,163,124,28-02-2026
SKU111,WH-JAI,9999,368,160,03-03-2026
SKU111,WH-IND,8347,374,170,14-03-2026
Milk 500ml,WH-DEL,9549,185,159,05-02-2026
SKU111,WH-BLR,9865,69,101,31-01-2026
SKU112,WH-AHM,4147,65,297,26-03-2026
SKU112,WH-MUM,4824,436,140,28-02-2026
SKU112,WH-RAI,2986,594,196,24-03-2026
Milk 1L,WH-JAI,3164,127,70,06-02-2026
Milk 1L,WH-IND,3062,657,38,18-02-2026
SKU112,WH-DEL,1520,483,259,22-02-2026
Milk 1L,WH-BLR,985,457,20,25-02-2026
Coffee 200g,WH-AHM,6092,613,121,11-03-2026
Coffee 200g,WH-MUM,3750,381,24,18-03-2026
SKU113,WH-RAI,2445,480,283,26-03-2026
SKU113,WH-JAI,8886,158,221,26-02-2026
SKU113,WH-IND,1392,512,179,07-03-2026
SKU113,WH-DEL,7071,605,288,28-03-2026
SKU113,WH-BLR,7293,317,262,02-03-2026
SKU114,WH-AHM,1015,738,210,30-03-2026
Biscuits 100g,WH-MUM,148,377,243,14-02-2026
Biscuits 100g,WH-RAI,6154,425,279,07-02-2026
SKU114,WH-JAI,4245,138,124,17-02-2026
SKU114,WH-IND,862,175,36,12-02-2026
Biscuits 100g,WH-DEL,1593,648,84,05-03-2026
Biscuits 100g,WH-BLR,5157,611,22,19-03-2026
Milk 1L,WH-AHM,7123,282,249,18-02-2026
SKU115,WH-MUM,7632,613,115,16-03-2026
Milk 1L,WH-RAI,4811,637,220,07-02-2026
SKU115,WH-JAI,9304,721,186,19-02-2026
Milk 1L,WH-IND,5119,71,148,31-01-2026
Milk 1L,WH-DEL,603,309,109,16-03-2026
SKU115,WH-BLR,1046,180,31,17-02-2026
SKU116,WH-AHM,2357,744,98,08-02-2026
Sunflower Oil 2L,WH-MUM,8581,169,158,14-02-2026
SKU116,WH-RAI,5208,537,238,02-03-2026
SKU116,WH-JAI,5920,155,299,05-03-2026
Sunflower Oil 2L,WH-IND,8097,783,299,21-02-2026
SKU116,WH-DEL,4392,442,228,19-03-2026
SKU116,WH-BLR,5722,354,83,15-02-2026
SKU117,WH-AHM,2913,244,83,11-02-2026
SKU117,WH-MUM,9870,498,185,06-03-2026
SKU117,WH-RAI,1045,651,272,26-03-2026
SKU117,WH-JAI,7637,557,108,06-02-2026
Sunflower Oil 1L,WH-IND,2994,262,205,28-03-2026
Sunflower Oil 1L,WH-DEL,1420,742,224,20-02-2026
Sunflower Oil 1L,WH-BLR,9655,785,112,02-03-2026
SKU118,WH-AHM,1222,779,25,07-03-2026
SKU118,WH-MUM,6867,464,95,17-02-2026
SKU118,WH-RAI,9713,342,217,28-02-2026
SKU118,WH-JAI,5787,366,130,04-03-2026
Biscuits 200g,WH-IND,1799,484,166,28-02-2026
SKU118,WH-DEL,3131,431,67,26-03-2026
SKU118,WH-BLR,743,378,237,23-03-2026
SKU119,WH-AHM,3021,220,70,19-02-2026
SKU119,WH-MUM,1482,653,112,09-03-2026
SKU119,WH-RAI,6787,548,35,18-03-2026
SKU119,WH-JAI,1075,522,258,08-02-2026
SKU119,WH-IND,5214,155,90,16-03-2026
SKU119,WH-DEL,8988,302,93,09-03-2026
SKU119,WH-BLR,1509,68,287,25-03-2026
SKU120,WH-AHM,4697,138,275,16-02-2026
SKU120,WH-MUM,3761,127,253,12-02-2026
SKU120,WH-RAI,6494,307,40,27-02-2026
SKU120,WH-JAI,429,472,127,05-03-2026
SKU120,WH-IND,9505,239,103,24-02-2026
SKU120,WH-DEL,5835,386,216,16-03-2026
SKU120,WH-BLR,3278,702,70,08-03-2026
Tea 500g,WH-AHM,8478,675,125,20-02-2026
Tea 500g,WH-MUM,7205,85,106,14-02-2026
SKU121,WH-RAI,8344,650,135,02-03-2026
Tea 500g,WH-JAI,222,780,44,25-03-2026
SKU121,WH-IND,4445,624,236,24-02-2026
SKU121,WH-DEL,7467,619,275,18-02-2026
SKU121,WH-BLR,7545,126,284,22-03-2026
SKU122,WH-AHM,9976,610,87,19-03-2026
SKU122,WH-MUM,798,368,214,21-02-2026
SKU122,WH-RAI,3485,492,219,05-02-2026
Peanut Butter Smooth 1kg,WH-JAI,4488,104,285,15-03-2026
SKU122,WH-IND,7570,688,219,18-02-2026
SKU122,WH-DEL,4302,566,192,08-03-2026
Peanut Butter Smooth 1kg,WH-BLR,2360,113,146,20-02-2026
SKU123,WH-AHM,9971,171,92,26-03-2026
SKU123,WH-MUM,1373,700,129,08-02-2026
SKU123,WH-RAI,9626,670,186,14-02-2026
SKU123,WH-JAI,8643,291,102,22-03-2026
SKU123,WH-IND,434,314,189,25-02-2026
SKU123,WH-DEL,7678,123,294,17-03-2026
SKU123,WH-BLR,1958,776,185,21-02-2026
SKU124,WH-AHM,8865,538,201,16-03-2026
SKU124,WH-MUM,7209,210,223,15-03-2026
SKU124,WH-RAI,3876,451,29,08-02-2026
SKU124,WH-JAI,878,109,26,05-02-2026
SKU124,WH-IND,1972,388,39,10-02-2026
SKU124,WH-DEL,7355,755,84,16-03-2026
SKU124,WH-BLR,2536,710,27,07-03-2026
SKU125,WH-AHM,2447,150,163,22-02-2026
Sunflower Oil 5L,WH-MUM,4459,350,165,14-03-2026
SKU125,WH-RAI,6201,522,274,13-02-2026
Sunflower Oil 5L,WH-JAI,6365,742,251,22-02-2026
Sunflower Oil 5L,WH-IND,424,492,44,15-03-2026
SKU125,WH-DEL,6028,348,249,23-02-2026
SKU125,WH-BLR,794,711,240,26-03-2026
Peanut Butter Crunchy 200g,WH-AHM,3963,78,42,21-02-2026
SKU126,WH-MUM,5923,474,40,02-03-2026
Peanut Butter Crunchy 200g,WH-RAI,5604,95,60,25-02-2026
SKU126,WH-JAI,3848,754,178,27-02-2026
SKU126,WH-IND,5195,175,220,02-03-2026
Peanut Butter Crunchy 200g,WH-DEL,8661,86,217,14-03-2026
SKU126,WH-BLR,6542,603,290,05-02-2026
SKU127,WH-AHM,6364,280,55,04-03-2026
SKU127,WH-MUM,1845,644,183,03-03-2026
Detergent 500g,WH-RAI,5324,437,123,11-03-2026
SKU127,WH-JAI,535,580,54,28-03-2026
SKU127,WH-IND,2754,314,178,11-02-2026
SKU127,WH-DEL,5716,563,244,17-03-2026
SKU127,WH-BLR,6761,306,225,04-03-2026
SKU128,WH-AHM,7445,327,226,19-02-2026
SKU128,WH-MUM,4566,517,263,03-02-2026
Sunflower Oil 2L,WH-RAI,3475,171,297,02-02-2026
SKU128,WH-JAI,6492,276,132,09-02-2026
Sunflower Oil 2L,WH-IND,6560,396,280,26-03-2026
SKU128,WH-DEL,5227,525,109,14-03-2026
SKU128,WH-BLR,8244,425,181,21-02-2026
SKU129,WH-AHM,5793,626,167,26-03-2026
SKU129,WH-MUM,2473,667,279,08-03-2026
Milk 1L,WH-RAI,6269,309,48,07-02-2026
SKU129,WH-JAI,4690,330,91,12-02-2026
Milk 1L,WH-IND,8653,204,300,19-03-2026
Milk 1L,WH-DEL,2723,504,232,12-03-2026
SKU129,WH-BLR,8658,419,236,16-02-2026
Peanut Butter Crunchy 1kg,WH-AHM,1936,507,57,06-03-2026
Peanut Butter Crunchy 1kg,WH-MUM,9108,716,43,16-03-2026
SKU130,WH-RAI,60,616,237,21-03-2026
SKU130,WH-JAI,5579,224,294,17-03-2026
SKU130,WH-IND,8779,230,169,16-02-2026
SKU130,WH-DEL,7856,365,70,25-02-2026
SKU130,WH-BLR,9306,788,202,28-03-2026
Milk 1L,WH-AHM,6966,53,230,07-02-2026
SKU131,WH-MUM,7141,280,260,16-03-2026
SKU131,WH-RAI,4130,106,131,23-02-2026
Milk 1L,WH-JAI,3410,262,242,31-03-2026
Milk 1L,WH-IND,3283,215,107,16-03-2026
Milk 1L,WH-DEL,9249,84,191,21-03-2026
SKU131,WH-BLR,4119,408,119,25-02-2026
SKU132,WH-AHM,3335,61,178,18-02-2026
SKU132,WH-MUM,8794,323,205,12-02-2026
SKU132,WH-RAI,2509,377,36,04-02-2026
Detergent 500g,WH-JAI,5650,208,284,01-02-2026
SKU132,WH-IND,297,158,22,15-03-2026
SKU132,WH-DEL,9340,696,227,27-02-2026
Detergent 500g,WH-BLR,2768,668,80,15-02-2026
SKU133,WH-AHM,6538,297,263,11-02-2026
SKU133,WH-MUM,7821,315,103,04-03-2026
SKU133,WH-RAI,3834,487,237,10-02-2026
SKU133,WH-JAI,85,128,206,13-02-2026
SKU133,WH-IND,4974,318,230,28-02-2026
Biscuits 100g,WH-DEL,7136,377,77,28-02-2026
SKU133,WH-BLR,2720,792,260,13-02-2026
SKU134,WH-AHM,5083,384,296,18-02-2026
SKU134,WH-MUM,9796,393,128,21-02-2026
SKU134,WH-RAI,8945,631,297,21-03-2026
SKU134,WH-JAI,1653,178,206,24-03-2026
SKU134,WH-IND,8087,218,259,19-03-2026
SKU134,WH-DEL,1270,277,63,05-03-2026
Sunflower Oil 2L,WH-BLR,9147,533,222,09-03-2026
SKU135,WH-AHM,7046,612,61,06-02-2026
SKU135,WH-MUM,1693,406,176,24-02-2026
SKU135,WH-RAI,285,638,169,16-02-2026
SKU135,WH-JAI,712,778,146,15-02-2026
SKU135,WH-IND,2819,194,111,22-03-2026
Sunflower Oil 5L,WH-DEL,1172,228,96,26-03-2026
SKU135,WH-BLR,2662,389,51,17-03-2026
Tea 500g,WH-AHM,3978,712,185,11-03-2026
SKU136,WH-MUM,6056,54,24,07-02-2026
SKU136,WH-RAI,183,651,103,26-03-2026
SKU136,WH-JAI,7733,260,34,13-03-2026
Tea 500g,WH-IND,751,270,242,01-04-2026
Tea 500g,WH-DEL,9631,464,192,07-02-2026
SKU136,WH-BLR,9450,611,290,01-02-2026
SKU137,WH-AHM,6024,492,236,21-03-2026
SKU137,WH-MUM,5861,725,36,26-03-2026
SKU137,WH-RAI,3533,126,259,31-03-2026
SKU137,WH-JAI,2082,438,280,18-03-2026
SKU137,WH-IND,3114,447,146,02-02-2026
Tea 250g,WH-DEL,7392,139,157,07-02-2026
SKU137,WH-BLR,1382,123,91,03-02-2026
SKU138,WH-AHM,2285,798,202,18-03-2026
SKU138,WH-MUM,1804,357,128,11-03-2026
SKU138,WH-RAI,3408,291,38,15-02-2026
SKU138,WH-JAI,115,137,271,17-03-2026
SKU138,WH-IND,9008,223,266,03-02-2026
SKU138,WH-DEL,1362,634,85,13-03-2026
SKU138,WH-BLR,9201,613,124,26-03-2026
SKU139,WH-AHM,6725,195,234,18-03-2026
SKU139,WH-MUM,7496,58,292,03-02-2026
SKU139,WH-RAI,3697,54,231,15-03-2026
SKU139,WH-JAI,7541,277,243,19-03-2026
SKU139,WH-IND,2767,134,65,03-03-2026
Milk 500ml,WH-DEL,6483,244,115,19-02-2026
SKU139,WH-BLR,644,265,150,22-03-2026
SKU140,WH-AHM,5621,271,298,23-02-2026
SKU140,WH-MUM,3370,367,247,28-02-2026
Peanut Butter Crunchy 500g,WH-RAI,4865,799,71,17-02-2026
SKU140,WH-JAI,2385,170,181,10-02-2026
Peanut Butter Crunchy 500g,WH-IND,3313,592,106,05-03-2026
SKU140,WH-DEL,7846,636,241,12-03-2026
SKU140,WH-BLR,3431,297,197,16-02-2026
Milk 1L,WH-AHM,7976,135,230,06-02-2026
SKU141,WH-MUM,4465,726,292,09-02-2026
SKU141,WH-RAI,7813,621,120,26-02-2026
SKU141,WH-JAI,1434,124,118,02-03-2026
Milk 1L,WH-IND,4331,777,91,01-02-2026
SKU141,WH-DEL,1949,144,127,05-03-2026
SKU141,WH-BLR,9181,700,273,04-02-2026
SKU142,WH-AHM,3847,165,89,05-03-2026
SKU142,WH-MUM,2165,561,119,13-02-2026
SKU142,WH-RAI,88,51,280,17-03-2026
Sunflower Oil 5L,WH-JAI,4172,232,116,11-03-2026
SKU142,WH-IND,8278,508,246,03-03-2026
Sunflower Oil 5L,WH-DEL,6078,730,172,19-02-2026
SKU142,WH-BLR,149,109,194,09-03-2026
SKU143,WH-AHM,3481,208,69,03-03-2026
SKU143,WH-MUM,8505,624,198,09-03-2026
SKU143,WH-RAI,9527,706,111,18-03-2026
Peanut Butter Smooth 200g,WH-JAI,1414,292,278,14-02-2026
SKU143,WH-IND,9707,202,170,10-03-2026
SKU143,WH-DEL,3201,386,268,10-02-2026
Peanut Butter Smooth 200g,WH-BLR,6556,404,153,12-02-2026
Biscuits 100g,WH-AHM,1834,484,79,26-03-2026
SKU144,WH-MUM,8828,583,43,21-03-2026
Biscuits 100g,WH-RAI,1017,432,40,10-02-2026
SKU144,WH-JAI,8110,88,62,22-02-2026
SKU144,WH-IND,6604,613,45,18-02-2026
SKU144,WH-DEL,1694,649,92,21-03-2026
Biscuits 100g,WH-BLR,9786,420,175,21-03-2026
Detergent 2kg,WH-AHM,1344,330,120,06-03-2026
SKU145,WH-MUM,360,494,284,03-02-2026
SKU145,WH-RAI,6725,708,190,12-03-2026
Detergent 2kg,WH-JAI,2462,680,152,11-03-2026
Detergent 2kg,WH-IND,3054,231,150,10-03-2026
Detergent 2kg,WH-DEL,3643,549,68,11-03-2026
Detergent 2kg,WH-BLR,960,462,178,09-02-2026
SKU146,WH-AHM,8433,281,38,16-03-2026
SKU146,WH-MUM,4927,547,44,06-02-2026
SKU146,WH-RAI,5399,386,108,07-03-2026
SKU146,WH-JAI,9829,188,202,30-03-2026
Tea 250g,WH-IND,6064,225,194,15-03-2026
SKU146,WH-DEL,7779,294,193,12-02-2026
SKU146,WH-BLR,6393,92,90,15-02-2026
Biscuits 200g,WH-AHM,4188,71,89,19-03-2026
SKU147,WH-MUM,4114,552,217,25-02-2026
SKU147,WH-RAI,5332,388,213,05-03-2026
Biscuits 200g,WH-JAI,8710,714,275,07-02-2026
SKU147,WH-IND,3856,377,160,25-02-2026
SKU147,WH-DEL,5058,477,34,10-03-2026
SKU147,WH-BLR,3967,245,225,06-02-2026
SKU148,WH-AHM,2628,359,216,11-02-2026
SKU148,WH-MUM,5329,573,201,31-03-2026
SKU148,WH-RAI,2608,97,24,18-02-2026
SKU148,WH-JAI,3437,613,90,14-02-2026
Detergent 1kg,WH-IND,5296,756,244,21-02-2026
Detergent 1kg,WH-DEL,6703,579,206,14-02-2026
Detergent 1kg,WH-BLR,9015,289,186,27-02-2026
SKU149,WH-AHM,610,121,203,14-02-2026
Biscuits 500g,WH-MUM,5528,339,123,17-03-2026
Biscuits 500g,WH-RAI,3441,76,125,27-02-2026
SKU149,WH-JAI,3706,793,100,20-03-2026
Biscuits 500g,WH-IND,563,75,156,26-03-2026
Biscuits 500g,WH-DEL,2125,159,71,14-02-2026
SKU149,WH-BLR,5536,685,185,18-02-2026
SKU150,WH-AHM,819,404,117,31-01-2026
SKU150,WH-MUM,422,234,34,26-03-2026
SKU150,WH-RAI,4065,531,289,20-02-2026
SKU150,WH-JAI,911,250,121,17-03-2026
SKU150,WH-IND,5395,318,114,28-03-2026
SKU150,WH-DEL,3420,450,116,08-02-2026
Milk 500ml,WH-BLR,987,94,249,16-03-2026
Coffee 200g,WH-AHM,5820,600,53,17-03-2026
SKU151,WH-MUM,4906,408,232,10-02-2026
SKU151,WH-RAI,2981,441,119,19-02-2026
Coffee 200g,WH-JAI,1746,97,119,15-03-2026
SKU151,WH-IND,6614,529,117,28-02-2026
Coffee 200g,WH-DEL,365,127,201,27-02-2026
Coffee 200g,WH-BLR,9570,142,278,08-03-2026
Detergent 500g,WH-AHM,564,124,175,31-03-2026
SKU152,WH-MUM,6656,193,80,23-03-2026
SKU152,WH-RAI,7234,305,20,03-03-2026
SKU152,WH-JAI,500,797,96,20-03-2026
Detergent 500g,WH-IND,8579,562,183,06-03-2026
SKU152,WH-DEL,8452,571,231,11-03-2026
Detergent 500g,WH-BLR,583,574,45,24-02-2026
Milk 500ml,WH-AHM,9228,195,269,02-03-2026
Milk 500ml,WH-MUM,610,712,73,20-02-2026
SKU153,WH-RAI,9671,69,57,20-03-2026
SKU153,WH-JAI,2672,189,121,06-02-2026
SKU153,WH-IND,8813,337,213,24-02-2026
SKU153,WH-DEL,5931,402,90,12-02-2026
SKU153,WH-BLR,5488,326,290,02-02-2026
Tea 250g,WH-AHM,2683,664,62,31-03-2026
SKU154,WH-MUM,1874,236,133,01-04-2026
SKU154,WH-RAI,6259,396,20,04-02-2026
SKU154,WH-JAI,9129,405,168,19-03-2026
Tea 250g,WH-IND,2517,237,266,01-02-2026
SKU154,WH-DEL,100,668,194,24-02-2026
SKU154,WH-BLR,2694,316,154,13-03-2026
Peanut Butter Smooth 1kg,WH-AHM,8066,770,172,10-03-2026
SKU155,WH-MUM,9099,536,140,31-01-2026
SKU155,WH-RAI,2723,799,57,26-03-2026
SKU155,WH-JAI,5975,488,106,13-03-2026
Peanut Butter Smooth 1kg,WH-IND,6517,237,266,28-02-2026
SKU155,WH-DEL,9107,593,264,27-02-2026
SKU155,WH-BLR,5883,253,193,12-03-2026
Milk 500ml,WH-AHM,4124,321,83,09-02-2026
SKU156,WH-MUM,1538,467,31,21-02-2026
Milk 500ml,WH-RAI,2031,256,285,17-03-2026
SKU156,WH-JAI,1052,586,230,12-03-2026
SKU156,WH-IND,5710,298,70,11-03-2026
SKU156,WH-DEL,8180,672,55,11-03-2026
Milk 500ml,WH-BLR,991,250,152,02-03-2026
Biscuits 500g,WH-AHM,3596,396,231,21-03-2026
SKU157,WH-MUM,2804,289,50,12-03-2026
SKU157,WH-RAI,9708,345,130,09-02-2026
Biscuits 500g,WH-JAI,1709,780,195,06-02-2026
SKU157,WH-IND,5333,598,29,03-03-2026
SKU157,WH-DEL,2665,389,106,21-03-2026
Biscuits 500g,WH-BLR,2829,200,235,24-02-2026
SKU158,WH-AHM,7388,247,114,06-02-2026
SKU158,WH-MUM,7137,444,142,07-02-2026
SKU158,WH-RAI,8971,795,50,09-02-2026
SKU158,WH-JAI,659,244,70,19-02-2026
Coffee 200g,WH-IND,4672,608,258,01-02-2026
SKU158,WH-DEL,2871,248,91,21-03-2026
SKU158,WH-BLR,44,624,52,12-02-2026
SKU159,WH-AHM,3567,329,139,28-02-2026
Tea 500g,WH-MUM,1085,326,257,20-03-2026
SKU159,WH-RAI,8690,241,206,28-02-2026
SKU159,WH-JAI,4905,635,129,07-02-2026
SKU159,WH-IND,3222,561,192,11-02-2026
Tea 500g,WH-DEL,6359,559,51,27-03-2026
SKU159,WH-BLR,6491,487,258,12-02-2026
