InventoryID,WarehouseID,ProductID,CurrentStock,ReorderPoint,SafetyStock
INV000001,WH001,SKU0045,2166,926,72
INV000002,WH001,SKU0048,3763,649,113
INV000003,WH001,SKU0005,3100,180,332
INV000004,WH001,SKU0056,2401,949,371
INV000005,WH001,SKU0027,2962,691,148
INV000006,WH001,SKU0065,0,146,388
INV000007,WH001,SKU0074,1866,891,198
INV000008,WH001,SKU0011,653,975,169
INV000009,WH001,SKU0041,827,489,192
INV000010,WH001,SKU0108,3714,750,477
INV000011,WH001,SKU0019,2988,266,239
INV000012,WH001,SKU0063,2910,314,393
INV000013,WH001,SKU0012,2187,818,399
INV000014,WH001,SKU0037,584,723,375
INV000015,WH001,SKU0090,1401,646,423
INV000016,WH001,SKU0092,2005,267,286
INV000017,WH001,SKU0110,3108,376,377
INV000018,WH001,SKU0001,0,324,400
INV000019,WH001,SKU0089,2656,963,443
INV000020,WH001,SKU0105,458,334,470
INV000021,WH001,SKU0066,262,924,211
INV000022,WH001,SKU0046,3286,374,83
INV000023,WH001,SKU0032,1728,680,498
INV000024,WH001,SKU0071,2577,317,385
INV000025,WH001,SKU0043,4089,505,379
INV000026,WH001,SKU0013,3758,246,185
INV000027,WH001,SKU0016,1143,352,431
INV000028,WH001,SKU0115,4598,651,184
INV000029,WH001,SKU0077,4788,538,348
INV000030,WH001,SKU0098,3271,470,162
INV000031,WH001,SKU0025,1133,621,302
INV000032,WH001,SKU0079,744,873,74
INV000033,WH001,SKU0023,898,256,371
INV000034,WH001,SKU0097,1310,911,398
INV000035,WH001,SKU0057,3458,710,82
INV000036,WH001,SKU0111,3152,490,355
INV000037,WH001,SKU0031,0,641,178
INV000038,WH001,SKU0054,4532,981,55
INV000039,WH001,SKU0119,938,798,324
INV000040,WH001,SKU0010,2185,887,378
INV000041,WH001,SKU0034,2786,214,200
INV000042,WH001,SKU0026,3561,261,282
INV000043,WH001,SKU0070,26,839,498
INV000044,WH001,SKU0029,2157,612,440
INV000045,WH001,SKU0099,1463,619,104
INV000046,WH001,SKU0086,2444,961,377
INV000047,WH001,SKU0006,4158,723,151
INV000048,WH001,SKU0091,1252,482,440
INV000049,WH001,SKU0069,1323,652,448
INV000050,WH001,SKU0040,4344,100,356
INV000051,WH001,SKU0050,2655,600,59
INV000052,WH001,SKU0036,916,471,499
INV000053,WH001,SKU0017,2519,345,79
INV000054,WH001,SKU0067,0,999,340
INV000055,WH001,SKU0035,645,187,424
INV000056,WH001,SKU0114,3981,935,85
INV000057,WH001,SKU0008,4363,884,114
INV000058,WH001,SKU0044,1051,775,293
INV000059,WH001,SKU0073,4503,269,185
INV000060,WH001,SKU0068,4322,993,360
INV000061,WH001,SKU0084,3466,316,326
INV000062,WH001,SKU0028,1647,830,209
INV000063,WH001,SKU0020,3268,787,382
INV000064,WH001,SKU0096,3059,548,314
INV000065,WH001,SKU0101,3698,223,176
INV000066,WH001,SKU0009,1840,165,223
INV000067,WH001,SKU0014,172,702,333
INV000068,WH001,SKU0085,1885,702,162
INV000069,WH001,SKU0004,58,172,412
INV000070,WH001,SKU0018,482,334,84
INV000071,WH001,SKU0039,257,980,219
INV000072,WH001,SKU0118,580,626,171
INV000073,WH001,SKU0007,2281,785,298
INV000074,WH001,SKU0078,1755,652,117
INV000075,WH001,SKU0112,4677,690,292
INV000076,WH001,SKU0095,1990,903,292
INV000077,WH001,SKU0055,3334,294,98
INV000078,WH001,SKU0051,794,774,270
INV000079,WH001,SKU0081,2902,533,260
INV000080,WH001,SKU0047,3825,984,423
INV000081,WH001,SKU0082,443,789,384
INV000082,WH001,SKU0062,806,162,256
INV000083,WH001,SKU0117,2779,919,491
INV000084,WH001,SKU0080,895,354,148
INV000085,WH002,SKU0089,1558,649,279
INV000086,WH002,SKU0049,1148,532,143
INV000087,WH002,SKU0016,2281,573,177
INV000088,WH002,SKU0018,617,553,463
INV000089,WH002,SKU0050,4508,200,75
INV000090,WH002,SKU0081,4428,956,57
INV000091,WH002,SKU0098,764,871,484
INV000092,WH002,SKU0026,1936,270,258
INV000093,WH002,SKU0061,3978,592,159
INV000094,WH002,SKU0069,3285,160,134
INV000095,WH002,SKU0116,3104,102,249
INV000096,WH002,SKU0092,2172,902,451
INV000097,WH002,SKU0082,3727,392,266
INV000098,WH002,SKU0117,4552,777,417
INV000099,WH002,SKU0046,3986,258,147
INV000100,WH002,SKU0010,2430,322,79
INV000101,WH002,SKU0101,4744,853,327
INV000102,WH002,SKU0097,499,865,210
INV000103,WH002,SKU0019,468,151,349
INV000104,WH002,SKU0021,3905,614,486
INV000105,WH002,SKU0083,4350,261,79
INV000106,WH002,SKU0031,4160,182,485
INV000107,WH002,SKU0022,1522,170,354
INV000108,WH002,SKU0067,556,791,491
INV000109,WH002,SKU0113,1926,513,111
INV000110,WH002,SKU0056,4666,352,346
INV000111,WH002,SKU0068,4870,140,367
INV000112,WH002,SKU0060,671,529,386
INV000113,WH002,SKU0120,4781,678,317
INV000114,WH002,SKU0070,2591,367,154
INV000115,WH002,SKU0094,2573,344,185
INV000116,WH002,SKU0017,3242,234,393
INV000117,WH002,SKU0111,2457,568,211
INV000118,WH002,SKU0002,594,109,284
INV000119,WH002,SKU0114,4612,202,87
INV000120,WH002,SKU0040,4404,318,309
INV000121,WH002,SKU0038,2172,235,228
INV000122,WH002,SKU0075,563,1000,175
INV000123,WH002,SKU0080,3027,391,130
INV000124,WH002,SKU0024,3589,953,328
INV000125,WH002,SKU0053,2478,726,463
INV000126,WH002,SKU0107,4333,108,391
INV000127,WH002,SKU0093,4543,406,389
INV000128,WH002,SKU0085,848,999,118
INV000129,WH002,SKU0008,2166,218,104
INV000130,WH002,SKU0074,4532,259,189
INV000131,WH002,SKU0054,2308,719,157
INV000132,WH002,SKU0096,2808,308,401
INV000133,WH002,SKU0119,2162,617,300
INV000134,WH002,SKU0076,2057,966,76
INV000135,WH002,SKU0102,756,749,266
INV000136,WH002,SKU0095,2266,145,51
INV000137,WH002,SKU0112,2732,889,116
INV000138,WH002,SKU0039,2145,265,429
INV000139,WH002,SKU0025,3619,664,411
INV000140,WH002,SKU0064,0,674,54
INV000141,WH002,SKU0055,916,177,403
INV000142,WH002,SKU0058,1221,658,68
INV000143,WH002,SKU0011,3024,696,332
INV000144,WH002,SKU0030,1213,540,115
INV000145,WH002,SKU0020,342,415,236
INV000146,WH002,SKU0084,326,466,157
INV000147,WH002,SKU0105,0,782,102
INV000148,WH002,SKU0100,2897,898,336
INV000149,WH002,SKU0115,3329,735,433
INV000150,WH002,SKU0006,1266,342,492
INV000151,WH002,SKU0057,1331,919,465
INV000152,WH002,SKU0109,1450,522,62
INV000153,WH002,SKU0045,0,854,220
INV000154,WH002,SKU0087,3372,921,392
INV000155,WH002,SKU0066,2032,373,131
INV000156,WH002,SKU0118,885,491,496
INV000157,WH002,SKU0059,0,979,290
INV000158,WH002,SKU0071,1822,304,468
INV000159,WH002,SKU0032,3770,458,206
INV000160,WH002,SKU0013,1864,328,62
INV000161,WH002,SKU0036,1582,508,218
INV000162,WH002,SKU0029,2282,985,85
INV000163,WH002,SKU0043,2286,459,378
INV000164,WH002,SKU0108,4173,509,397
INV000165,WH002,SKU0110,4392,439,64
INV000166,WH002,SKU0004,944,998,183
INV000167,WH002,SKU0052,1462,694,185
INV000168,WH002,SKU0063,313,211,355
INV000169,WH003,SKU0084,3559,453,423
INV000170,WH003,SKU0064,2569,546,360
INV000171,WH003,SKU0010,4189,218,247
INV000172,WH003,SKU0013,4723,294,180
INV000173,WH003,SKU0061,363,825,273
INV000174,WH003,SKU0094,13,632,462
INV000175,WH003,SKU0062,4410,803,418
INV000176,WH003,SKU0068,1614,472,270
INV000177,WH003,SKU0026,573,780,219
INV000178,WH003,SKU0043,2571,779,484
INV000179,WH003,SKU0065,0,837,203
INV000180,WH003,SKU0077,4154,416,391
INV000181,WH003,SKU0078,3345,434,256
INV000182,WH003,SKU0058,2422,667,115
INV000183,WH003,SKU0076,1571,530,390
INV000184,WH003,SKU0049,3105,793,433
INV000185,WH003,SKU0091,0,730,341
INV000186,WH003,SKU0006,2465,515,330
INV000187,WH003,SKU0051,0,411,196
INV000188,WH003,SKU0087,1721,540,452
INV000189,WH003,SKU0098,4751,721,385
INV000190,WH003,SKU0044,2639,576,276
INV000191,WH003,SKU0045,0,791,159
INV000192,WH003,SKU0053,4187,584,456
INV000193,WH003,SKU0075,1390,774,93
INV000194,WH003,SKU0119,2324,627,389
INV000195,WH003,SKU0005,2745,195,469
INV000196,WH003,SKU0088,1924,788,208
INV000197,WH003,SKU0015,1840,925,151
INV000198,WH003,SKU0028,1207,125,73
INV000199,WH003,SKU0102,2005,586,362
INV000200,WH003,SKU0117,596,566,262
INV000201,WH003,SKU0106,4715,299,417
INV000202,WH003,SKU0034,3145,606,254
INV000203,WH003,SKU0055,1998,251,385
INV000204,WH003,SKU0027,45,868,490
INV000205,WH003,SKU0047,873,897,267
INV000206,WH003,SKU0066,1792,280,461
INV000207,WH003,SKU0030,0,575,75
INV000208,WH003,SKU0056,4566,355,484
INV000209,WH003,SKU0022,994,567,118
INV000210,WH003,SKU0113,3806,783,321
INV000211,WH003,SKU0100,4578,709,212
INV000212,WH003,SKU0017,3625,727,467
INV000213,WH003,SKU0116,4135,536,475
INV000214,WH003,SKU0086,4488,556,131
INV000215,WH003,SKU0008,3888,560,182
INV000216,WH003,SKU0072,2025,960,376
INV000217,WH003,SKU0074,2271,884,448
INV000218,WH003,SKU0021,4270,596,370
INV000219,WH003,SKU0014,1959,381,275
INV000220,WH003,SKU0109,634,830,196
INV000221,WH003,SKU0004,1920,378,221
INV000222,WH003,SKU0079,2619,653,91
INV000223,WH003,SKU0105,1133,254,168
INV000224,WH003,SKU0041,3137,810,128
INV000225,WH003,SKU0085,0,165,262
INV000226,WH003,SKU0035,3339,438,327
INV000227,WH003,SKU0114,3816,525,81
INV000228,WH003,SKU0083,1694,952,265
INV000229,WH003,SKU0063,3190,888,349
INV000230,WH003,SKU0046,160,977,500
INV000231,WH003,SKU0018,4716,489,294
INV000232,WH003,SKU0029,48,460,202
INV000233,WH003,SKU0025,3194,973,477
INV000234,WH003,SKU0038,3432,651,432
INV000235,WH003,SKU0108,4473,919,358
INV000236,WH003,SKU0101,1806,599,162
INV000237,WH003,SKU0099,2235,546,298
INV000238,WH003,SKU0054,237,498,222
INV000239,WH003,SKU0024,3312,841,134
INV000240,WH003,SKU0103,3828,230,368
INV000241,WH003,SKU0111,4375,127,251
INV000242,WH003,SKU0081,4848,677,389
INV000243,WH003,SKU0104,222,185,379
INV000244,WH003,SKU0009,3511,238,493
INV000245,WH003,SKU0032,3782,286,75
INV000246,WH003,SKU0037,2131,488,217
INV000247,WH003,SKU0069,1733,565,217
INV000248,WH003,SKU0012,2764,879,500
INV000249,WH003,SKU0048,3105,384,435
INV000250,WH003,SKU0095,3453,358,477
INV000251,WH003,SKU0002,670,581,59
INV000252,WH003,SKU0060,4418,153,229
INV000253,WH004,SKU0072,1836,765,85
INV000254,WH004,SKU0102,329,872,65
INV000255,WH004,SKU0011,2025,304,479
INV000256,WH004,SKU0079,166,736,128
INV000257,WH004,SKU0092,0,229,292
INV000258,WH004,SKU0107,937,677,161
INV000259,WH004,SKU0083,3809,816,181
INV000260,WH004,SKU0038,3021,271,360
INV000261,WH004,SKU0073,4974,865,417
INV000262,WH004,SKU0078,938,896,469
INV000263,WH004,SKU0010,1341,418,105
INV000264,WH004,SKU0108,4740,126,209
INV000265,WH004,SKU0003,0,793,242
INV000266,WH004,SKU0119,3249,832,151
INV000267,WH004,SKU0031,622,706,403
INV000268,WH004,SKU0082,1989,204,406
INV000269,WH004,SKU0064,0,970,400
INV000270,WH004,SKU0087,4918,924,111
INV000271,WH004,SKU0034,4636,901,71
INV000272,WH004,SKU0112,2844,645,269
INV000273,WH004,SKU0070,3035,170,309
INV000274,WH004,SKU0056,2795,112,484
INV000275,WH004,SKU0059,3441,942,300
INV000276,WH004,SKU0068,864,543,235
INV000277,WH004,SKU0103,3766,824,128
INV000278,WH004,SKU0061,3567,280,425
INV000279,WH004,SKU0041,4274,766,188
INV000280,WH004,SKU0029,4408,893,297
INV000281,WH004,SKU0097,3808,546,472
INV000282,WH004,SKU0001,4853,374,215
INV000283,WH004,SKU0021,2011,950,94
INV000284,WH004,SKU0012,2284,561,174
INV000285,WH004,SKU0099,0,683,362
INV000286,WH004,SKU0117,3104,444,64
INV000287,WH004,SKU0085,4049,971,216
INV000288,WH004,SKU0116,1489,599,158
INV000289,WH004,SKU0028,2906,916,182
INV000290,WH004,SKU0055,0,386,500
INV000291,WH004,SKU0101,4883,818,500
INV000292,WH004,SKU0019,2263,669,55
INV000293,WH004,SKU0111,4232,295,93
INV000294,WH004,SKU0089,1977,837,258
INV000295,WH004,SKU0080,4002,668,438
INV000296,WH004,SKU0040,1968,807,293
INV000297,WH004,SKU0035,4020,558,455
INV000298,WH004,SKU0030,141,195,200
INV000299,WH004,SKU0075,1815,514,404
INV000300,WH004,SKU0084,0,413,389
INV000301,WH004,SKU0069,4764,477,292
INV000302,WH004,SKU0004,4534,643,226
INV000303,WH004,SKU0096,3485,863,331
INV000304,WH004,SKU0005,2709,460,409
INV000305,WH004,SKU0088,3717,377,206
INV000306,WH004,SKU0044,2059,336,111
INV000307,WH004,SKU0053,1577,423,111
INV000308,WH004,SKU0081,4389,880,403
INV000309,WH004,SKU0100,1516,296,160
INV000310,WH004,SKU0037,3966,383,420
INV000311,WH004,SKU0098,4829,878,318
INV000312,WH004,SKU0115,4888,389,101
INV000313,WH004,SKU0077,1590,403,166
INV000314,WH004,SKU0006,2956,283,204
INV000315,WH004,SKU0094,0,825,323
INV000316,WH004,SKU0052,1036,380,73
INV000317,WH004,SKU0049,446,666,199
INV000318,WH004,SKU0113,1034,753,494
INV000319,WH004,SKU0071,4021,205,496
INV000320,WH004,SKU0022,100,687,195
INV000321,WH004,SKU0062,3845,590,275
INV000322,WH004,SKU0074,2791,288,76
INV000323,WH004,SKU0114,2068,982,294
INV000324,WH004,SKU0091,934,941,83
INV000325,WH004,SKU0051,3282,603,87
INV000326,WH004,SKU0063,4726,744,401
INV000327,WH004,SKU0109,439,255,126
INV000328,WH004,SKU0105,4610,411,93
INV000329,WH004,SKU0015,2033,221,335
INV000330,WH004,SKU0076,3409,720,355
INV000331,WH004,SKU0014,0,894,317
INV000332,WH004,SKU0016,3116,561,276
INV000333,WH004,SKU0008,2435,980,351
INV000334,WH004,SKU0065,3512,412,341
INV000335,WH004,SKU0020,493,724,428
INV000336,WH004,SKU0045,812,881,156
INV000337,WH005,SKU0066,1728,370,388
INV000338,WH005,SKU0072,665,260,172
INV000339,WH005,SKU0106,1423,665,88
INV000340,WH005,SKU0057,1282,102,259
INV000341,WH005,SKU0006,3690,805,354
INV000342,WH005,SKU0047,3849,398,66
INV000343,WH005,SKU0074,1896,395,411
INV000344,WH005,SKU0015,2316,819,490
INV000345,WH005,SKU0096,3719,172,401
INV000346,WH005,SKU0049,1912,370,453
INV000347,WH005,SKU0014,4831,777,461
INV000348,WH005,SKU0073,1620,535,108
INV000349,WH005,SKU0022,4461,330,381
INV000350,WH005,SKU0099,1220,372,473
INV000351,WH005,SKU0028,1165,173,80
INV000352,WH005,SKU0111,1359,911,207
INV000353,WH005,SKU0020,4874,866,472
INV000354,WH005,SKU0071,4662,395,274
INV000355,WH005,SKU0091,0,579,402
INV000356,WH005,SKU0042,2491,816,256
INV000357,WH005,SKU0027,2230,612,326
INV000358,WH005,SKU0038,4045,548,91
INV000359,WH005,SKU0003,4899,140,271
INV000360,WH005,SKU0053,2640,718,178
INV000361,WH005,SKU0068,211,193,167
INV000362,WH005,SKU0031,4712,701,60
INV000363,WH005,SKU0059,2207,690,70
INV000364,WH005,SKU0075,1435,581,315
INV000365,WH005,SKU0005,3622,384,142
INV000366,WH005,SKU0030,4795,546,375
INV000367,WH005,SKU0060,4028,193,290
INV000368,WH005,SKU0109,2850,518,220
INV000369,WH005,SKU0087,0,786,103
INV000370,WH005,SKU0018,1317,437,260
INV000371,WH005,SKU0118,0,395,389
INV000372,WH005,SKU0064,3280,933,439
INV000373,WH005,SKU0119,4506,137,282
INV000374,WH005,SKU0009,721,422,179
INV000375,WH005,SKU0037,2648,218,445
INV000376,WH005,SKU0054,3311,985,313
INV000377,WH005,SKU0070,9,773,495
INV000378,WH005,SKU0021,4444,573,261
INV000379,WH005,SKU0025,444,292,315
INV000380,WH005,SKU0036,2963,737,437
INV000381,WH005,SKU0056,4083,740,276
INV000382,WH005,SKU0011,422,308,186
INV000383,WH005,SKU0045,4499,234,197
INV000384,WH005,SKU0092,3589,815,298
INV000385,WH005,SKU0007,994,129,372
INV000386,WH005,SKU0041,4987,918,172
INV000387,WH005,SKU0063,1297,418,332
INV000388,WH005,SKU0105,112,665,258
INV000389,WH005,SKU0055,763,330,480
INV000390,WH005,SKU0097,929,572,110
INV000391,WH005,SKU0098,1261,610,416
INV000392,WH005,SKU0093,2390,621,411
INV000393,WH005,SKU0008,2239,525,477
INV000394,WH005,SKU0026,3952,583,174
INV000395,WH005,SKU0017,3741,664,124
INV000396,WH005,SKU0104,3142,295,356
INV000397,WH005,SKU0082,4163,864,500
INV000398,WH005,SKU0083,1118,984,85
INV000399,WH005,SKU0078,2263,891,454
INV000400,WH005,SKU0079,3399,448,453
INV000401,WH005,SKU0088,4159,373,470
INV000402,WH005,SKU0046,21,389,421
INV000403,WH005,SKU0115,2445,957,350
INV000404,WH005,SKU0013,4750,775,300
INV000405,WH005,SKU0029,1217,557,325
INV000406,WH005,SKU0044,3967,453,220
INV000407,WH005,SKU0077,4521,881,328
INV000408,WH005,SKU0040,3090,566,214
INV000409,WH005,SKU0089,0,814,172
INV000410,WH005,SKU0065,4684,492,169
INV000411,WH005,SKU0067,3365,144,212
INV000412,WH005,SKU0086,3874,822,465
INV000413,WH005,SKU0043,3123,495,389
INV000414,WH005,SKU0051,1246,607,68
INV000415,WH005,SKU0061,1034,614,352
INV000416,WH005,SKU0081,2719,990,101
INV000417,WH005,SKU0107,3606,202,319
INV000418,WH005,SKU0035,3743,115,419
INV000419,WH005,SKU0050,1180,519,495
INV000420,WH005,SKU0012,1264,176,290
INV000421,WH006,SKU0034,2171,446,369
INV000422,WH006,SKU0026,3256,765,91
INV000423,WH006,SKU0030,2691,972,395
INV000424,WH006,SKU0051,4371,489,212
INV000425,WH006,SKU0107,3997,993,327
INV000426,WH006,SKU0090,0,732,85
INV000427,WH006,SKU0024,1923,746,400
INV000428,WH006,SKU0002,2354,332,432
INV000429,WH006,SKU0112,740,544,100
INV000430,WH006,SKU0094,823,554,135
INV000431,WH006,SKU0077,2453,129,73
INV000432,WH006,SKU0120,2657,915,78
INV000433,WH006,SKU0056,2403,467,241
INV000434,WH006,SKU0086,3528,249,175
INV000435,WH006,SKU0080,4351,521,339
INV000436,WH006,SKU0048,1475,274,139
INV000437,WH006,SKU0088,646,724,495
INV000438,WH006,SKU0047,3133,734,399
INV000439,WH006,SKU0072,0,609,348
INV000440,WH006,SKU0064,1172,337,286
INV000441,WH006,SKU0010,2080,570,180
INV000442,WH006,SKU0012,76,923,288
INV000443,WH006,SKU0092,2356,793,329
INV000444,WH006,SKU0117,1294,175,276
INV000445,WH006,SKU0091,2830,701,203
INV000446,WH006,SKU0079,3475,806,178
INV000447,WH006,SKU0052,3742,965,204
INV000448,WH006,SKU0022,0,493,486
INV000449,WH006,SKU0115,3958,209,171
INV000450,WH006,SKU0055,0,685,233
INV000451,WH006,SKU0098,4708,402,408
INV000452,WH006,SKU0015,2418,122,474
INV000453,WH006,SKU0108,3242,381,54
INV000454,WH006,SKU0101,4636,985,401
INV000455,WH006,SKU0060,401,720,431
INV000456,WH006,SKU0069,4069,952,196
INV000457,WH006,SKU0105,1885,721,460
INV000458,WH006,SKU0119,2886,324,375
INV000459,WH006,SKU0084,1557,735,178
INV000460,WH006,SKU0011,1120,743,99
INV000461,WH006,SKU0043,322,416,453
INV000462,WH006,SKU0116,3611,134,346
INV000463,WH006,SKU0021,2988,849,117
INV000464,WH006,SKU0032,738,402,217
INV000465,WH006,SKU0104,3403,279,152
INV000466,WH006,SKU0044,1082,905,326
INV000467,WH006,SKU0006,2997,643,306
INV000468,WH006,SKU0083,2232,950,134
INV000469,WH006,SKU0033,2105,944,296
INV000470,WH006,SKU0025,2417,864,495
INV000471,WH006,SKU0049,2774,923,108
INV000472,WH006,SKU0059,0,177,122
INV000473,WH006,SKU0081,1848,980,396
INV000474,WH006,SKU0003,3255,966,461
INV000475,WH006,SKU0001,4565,474,96
INV000476,WH006,SKU0068,3232,114,185
INV000477,WH006,SKU0041,4395,226,282
INV000478,WH006,SKU0082,3019,788,433
INV000479,WH006,SKU0063,2147,698,245
INV000480,WH006,SKU0020,3043,210,395
INV000481,WH006,SKU0097,1915,582,62
INV000482,WH006,SKU0062,4599,435,362
INV000483,WH006,SKU0028,1813,763,82
INV000484,WH006,SKU0089,3803,817,204
INV000485,WH006,SKU0103,3344,219,121
INV000486,WH006,SKU0078,371,138,205
INV000487,WH006,SKU0067,4035,218,99
INV000488,WH006,SKU0102,1923,650,119
INV000489,WH006,SKU0073,3183,564,239
INV000490,WH006,SKU0113,4425,529,350
INV000491,WH006,SKU0054,1265,524,385
INV000492,WH006,SKU0061,811,953,300
INV000493,WH006,SKU0019,3343,386,66
INV000494,WH006,SKU0031,3035,322,277
INV000495,WH006,SKU0070,3642,341,487
INV000496,WH006,SKU0036,2971,201,401
INV000497,WH006,SKU0004,3009,657,380
INV000498,WH006,SKU0045,2938,162,253
INV000499,WH006,SKU0071,2260,294,112
INV000500,WH006,SKU0096,3725,193,389
INV000501,WH006,SKU0065,1737,757,377
INV000502,WH006,SKU0008,4891,121,75
INV000503,WH006,SKU0038,2732,349,114
INV000504,WH006,SKU0037,4625,310,85
INV000505,WH007,SKU0115,4540,312,350
INV000506,WH007,SKU0038,1769,932,495
INV000507,WH007,SKU0007,1908,436,446
INV000508,WH007,SKU0109,1208,907,355
INV000509,WH007,SKU0089,23,383,489
INV000510,WH007,SKU0009,1185,233,326
INV000511,WH007,SKU0101,2053,917,139
INV000512,WH007,SKU0036,900,776,493
INV000513,WH007,SKU0041,211,234,57
INV000514,WH007,SKU0016,2934,908,453
INV000515,WH007,SKU0107,1949,702,215
INV000516,WH007,SKU0078,129,278,185
INV000517,WH007,SKU0060,429,229,429
INV000518,WH007,SKU0110,3448,638,108
INV000519,WH007,SKU0099,520,587,279
INV000520,WH007,SKU0058,2965,625,353
INV000521,WH007,SKU0022,893,562,307
INV000522,WH007,SKU0067,1814,729,72
INV000523,WH007,SKU0048,4271,408,284
INV000524,WH007,SKU0068,0,162,295
INV000525,WH007,SKU0087,3290,536,401
INV000526,WH007,SKU0120,884,602,414
INV000527,WH007,SKU0119,3633,175,91
INV000528,WH007,SKU0083,2638,722,125
INV000529,WH007,SKU0024,538,229,190
INV000530,WH007,SKU0052,4795,661,414
INV000531,WH007,SKU0079,2663,490,355
INV000532,WH007,SKU0102,4346,401,282
INV000533,WH007,SKU0020,4141,719,270
INV000534,WH007,SKU0057,812,912,409
INV000535,WH007,SKU0019,937,973,385
INV000536,WH007,SKU0088,4516,838,493
INV000537,WH007,SKU0043,1761,540,281
INV000538,WH007,SKU0108,1871,523,223
INV000539,WH007,SKU0094,3715,508,262
INV000540,WH007,SKU0042,778,420,268
INV000541,WH007,SKU0080,2560,781,180
INV000542,WH007,SKU0111,3066,256,401
INV000543,WH007,SKU0002,3885,168,96
INV000544,WH007,SKU0014,699,195,271
INV000545,WH007,SKU0081,791,862,428
INV000546,WH007,SKU0072,3052,931,116
INV000547,WH007,SKU0015,0,161,350
INV000548,WH007,SKU0074,4600,675,218
INV000549,WH007,SKU0071,1001,520,231
INV000550,WH007,SKU0103,3464,988,419
INV000551,WH007,SKU0098,421,394,357
INV000552,WH007,SKU0113,2559,460,103
INV000553,WH007,SKU0044,4734,619,158
INV000554,WH007,SKU0070,1267,772,296
INV000555,WH007,SKU0012,1837,967,105
INV000556,WH007,SKU0050,2868,965,334
INV000557,WH007,SKU0076,3011,217,440
INV000558,WH007,SKU0054,2282,687,165
INV000559,WH007,SKU0061,3515,965,337
INV000560,WH007,SKU0090,4560,126,361
INV000561,WH007,SKU0039,2190,129,142
INV000562,WH007,SKU0008,2238,819,440
INV000563,WH007,SKU0031,2531,447,229
INV000564,WH007,SKU0028,50,285,495
INV000565,WH007,SKU0034,1173,679,386
INV000566,WH007,SKU0032,3283,171,122
INV000567,WH007,SKU0040,251,193,432
INV000568,WH007,SKU0091,4345,320,242
INV000569,WH007,SKU0095,3439,564,224
INV000570,WH007,SKU0062,1289,478,209
INV000571,WH007,SKU0004,2657,895,340
INV000572,WH007,SKU0045,4884,186,76
INV000573,WH007,SKU0051,1274,261,436
INV000574,WH007,SKU0105,407,790,91
INV000575,WH007,SKU0116,2229,553,388
INV000576,WH007,SKU0037,3473,597,360
INV000577,WH007,SKU0075,3621,524,189
INV000578,WH007,SKU0023,1765,873,312
INV000579,WH007,SKU0053,932,453,270
INV000580,WH007,SKU0003,908,390,397
INV000581,WH007,SKU0097,4858,598,319
INV000582,WH007,SKU0104,2526,146,162
INV000583,WH007,SKU0106,3237,713,78
INV000584,WH007,SKU0055,62,309,204
INV000585,WH007,SKU0021,1730,885,120
INV000586,WH007,SKU0001,2093,396,217
INV000587,WH007,SKU0096,982,107,304
INV000588,WH007,SKU0112,3527,279,116
INV000589,WH008,SKU0011,3114,645,410
INV000590,WH008,SKU0071,1885,612,336
INV000591,WH008,SKU0119,2901,173,253
INV000592,WH008,SKU0110,346,546,59
INV000593,WH008,SKU0114,0,179,491
INV000594,WH008,SKU0097,2564,689,269
INV000595,WH008,SKU0094,4697,514,413
INV000596,WH008,SKU0087,0,396,108
INV000597,WH008,SKU0006,3318,121,216
INV000598,WH008,SKU0084,1407,920,366
INV000599,WH008,SKU0029,0,951,403
INV000600,WH008,SKU0077,2964,190,273
INV000601,WH008,SKU0081,867,349,273
INV000602,WH008,SKU0083,4824,510,318
INV000603,WH008,SKU0101,644,505,495
INV000604,WH008,SKU0098,2541,863,223
INV000605,WH008,SKU0066,1815,441,448
INV000606,WH008,SKU0030,1377,178,311
INV000607,WH008,SKU0054,934,643,311
INV000608,WH008,SKU0090,1588,894,228
INV000609,WH008,SKU0053,2876,844,469
INV000610,WH008,SKU0041,1209,341,102
INV000611,WH008,SKU0044,1199,362,151
INV000612,WH008,SKU0031,1421,716,128
INV000613,WH008,SKU0009,617,281,445
INV000614,WH008,SKU0113,4047,575,436
INV000615,WH008,SKU0039,4618,878,346
INV000616,WH008,SKU0106,3677,797,339
INV000617,WH008,SKU0033,2647,984,371
INV000618,WH008,SKU0020,2589,254,275
INV000619,WH008,SKU0013,559,580,276
INV000620,WH008,SKU0068,2480,915,190
INV000621,WH008,SKU0040,4844,157,230
INV000622,WH008,SKU0065,4156,175,208
INV000623,WH008,SKU0086,3782,562,69
INV000624,WH008,SKU0017,466,477,475
INV000625,WH008,SKU0010,2351,178,380
INV000626,WH008,SKU0058,739,729,354
INV000627,WH008,SKU0037,4153,493,286
INV000628,WH008,SKU0107,4754,667,455
INV000629,WH008,SKU0064,336,560,464
INV000630,WH008,SKU0035,4683,767,146
INV000631,WH008,SKU0038,2633,719,293
INV000632,WH008,SKU0018,4107,254,81
INV000633,WH008,SKU0120,3690,205,465
INV000634,WH008,SKU0091,2813,831,93
INV000635,WH008,SKU0057,4133,761,138
INV000636,WH008,SKU0072,320,353,412
INV000637,WH008,SKU0003,3586,549,318
INV000638,WH008,SKU0007,4282,724,131
INV000639,WH008,SKU0062,2981,481,194
INV000640,WH008,SKU0059,3173,518,446
INV000641,WH008,SKU0079,2771,795,356
INV000642,WH008,SKU0002,428,908,373
INV000643,WH008,SKU0024,2741,167,218
INV000644,WH008,SKU0060,774,671,397
INV000645,WH008,SKU0117,3166,390,179
INV000646,WH008,SKU0028,0,994,126
INV000647,WH008,SKU0069,2730,183,348
INV000648,WH008,SKU0014,1158,458,208
INV000649,WH008,SKU0088,0,232,354
INV000650,WH008,SKU0076,694,417,336
INV000651,WH008,SKU0074,3085,758,455
INV000652,WH008,SKU0015,2690,932,115
INV000653,WH008,SKU0052,4312,195,380
INV000654,WH008,SKU0109,3468,620,235
INV000655,WH008,SKU0085,149,471,208
INV000656,WH008,SKU0036,1476,319,224
INV000657,WH008,SKU0116,3983,296,165
INV000658,WH008,SKU0089,1126,258,89
INV000659,WH008,SKU0048,2423,964,453
INV000660,WH008,SKU0063,828,619,444
INV000661,WH008,SKU0105,4421,955,428
INV000662,WH008,SKU0047,4313,138,388
INV000663,WH008,SKU0026,2758,997,442
INV000664,WH008,SKU0073,1073,711,242
INV000665,WH008,SKU0100,1263,266,142
INV000666,WH008,SKU0045,1356,838,274
INV000667,WH008,SKU0078,357,520,236
INV000668,WH008,SKU0049,0,554,362
INV000669,WH008,SKU0034,2334,870,433
INV000670,WH008,SKU0046,3677,339,323
INV000671,WH008,SKU0012,1959,416,464
INV000672,WH008,SKU0092,3842,955,149
INV000673,WH009,SKU0090,3013,794,342
INV000674,WH009,SKU0007,3609,572,443
INV000675,WH009,SKU0072,2308,896,245
INV000676,WH009,SKU0065,4119,640,264
INV000677,WH009,SKU0052,1327,936,152
INV000678,WH009,SKU0056,4953,241,496
INV000679,WH009,SKU0041,2048,153,378
INV000680,WH009,SKU0048,3936,995,240
INV000681,WH009,SKU0083,4542,205,414
INV000682,WH009,SKU0016,4226,971,113
INV000683,WH009,SKU0034,2335,185,440
INV000684,WH009,SKU0078,1313,379,280
INV000685,WH009,SKU0116,4205,250,475
INV000686,WH009,SKU0085,3583,193,163
INV000687,WH009,SKU0074,3695,457,63
INV000688,WH009,SKU0025,3398,154,252
INV000689,WH009,SKU0029,4112,482,170
INV000690,WH009,SKU0081,3163,183,241
INV000691,WH009,SKU0103,1839,128,213
INV000692,WH009,SKU0027,0,959,415
INV000693,WH009,SKU0058,2746,910,124
INV000694,WH009,SKU0032,1127,139,196
INV000695,WH009,SKU0046,3870,812,475
INV000696,WH009,SKU0069,1136,877,411
INV000697,WH009,SKU0039,3842,559,365
INV000698,WH009,SKU0059,43,181,59
INV000699,WH009,SKU0115,2096,320,477
INV000700,WH009,SKU0067,1224,661,422
INV000701,WH009,SKU0018,0,640,266
INV000702,WH009,SKU0082,910,894,197
INV000703,WH009,SKU0028,1946,408,112
INV000704,WH009,SKU0061,391,344,264
INV000705,WH009,SKU0117,3744,164,106
INV000706,WH009,SKU0100,4094,711,324
INV000707,WH009,SKU0030,134,747,313
INV000708,WH009,SKU0035,4710,347,417
INV000709,WH009,SKU0097,1176,398,269
INV000710,WH009,SKU0015,12,729,230
INV000711,WH009,SKU0063,1970,684,263
INV000712,WH009,SKU0042,1534,780,392
INV000713,WH009,SKU0017,701,636,234
INV000714,WH009,SKU0102,554,638,328
INV000715,WH009,SKU0093,4156,905,309
INV000716,WH009,SKU0073,4539,120,249
INV000717,WH009,SKU0071,3851,144,375
INV000718,WH009,SKU0049,0,482,179
INV000719,WH009,SKU0099,133,465,453
INV000720,WH009,SKU0060,553,453,173
INV000721,WH009,SKU0002,849,890,347
INV000722,WH009,SKU0077,2723,236,72
INV000723,WH009,SKU0054,0,659,223
INV000724,WH009,SKU0023,1434,950,448
INV000725,WH009,SKU0076,3806,812,295
INV000726,WH009,SKU0010,1493,930,119
INV000727,WH009,SKU0050,516,833,447
INV000728,WH009,SKU0088,0,137,200
INV000729,WH009,SKU0118,1651,144,455
INV000730,WH009,SKU0119,1634,142,211
INV000731,WH009,SKU0043,2540,627,253
INV000732,WH009,SKU0013,4448,584,179
INV000733,WH009,SKU0098,299,871,381
INV000734,WH009,SKU0011,1565,392,232
INV000735,WH009,SKU0086,391,986,385
INV000736,WH009,SKU0037,2719,379,113
INV000737,WH009,SKU0038,3014,547,254
INV000738,WH009,SKU0064,3602,495,223
INV000739,WH009,SKU0014,1530,608,404
INV000740,WH009,SKU0001,4075,476,458
INV000741,WH009,SKU0047,4253,373,460
INV000742,WH009,SKU0012,676,844,267
INV000743,WH009,SKU0020,646,540,358
INV000744,WH009,SKU0019,1478,658,200
INV000745,WH009,SKU0068,2631,205,90
INV000746,WH009,SKU0080,2686,776,201
INV000747,WH009,SKU0113,2510,556,358
INV000748,WH009,SKU0005,3490,270,403
INV000749,WH009,SKU0044,3636,459,278
INV000750,WH009,SKU0045,346,844,495
INV000751,WH009,SKU0087,2888,729,272
INV000752,WH009,SKU0026,2249,754,455
INV000753,WH009,SKU0008,469,176,393
INV000754,WH009,SKU0091,3327,472,312
INV000755,WH009,SKU0089,1310,131,123
INV000756,WH009,SKU0106,4977,794,450
INV000757,WH010,SKU0100,3589,135,114
INV000758,WH010,SKU0099,550,341,448
INV000759,WH010,SKU0102,3000,470,246
INV000760,WH010,SKU0113,4646,133,359
INV000761,WH010,SKU0080,1256,795,280
INV000762,WH010,SKU0019,3038,480,277
INV000763,WH010,SKU0021,629,687,120
INV000764,WH010,SKU0062,4337,475,253
INV000765,WH010,SKU0112,2575,765,192
INV000766,WH010,SKU0092,2044,216,63
INV000767,WH010,SKU0024,1524,611,315
INV000768,WH010,SKU0034,3170,675,110
INV000769,WH010,SKU0046,2144,893,183
INV000770,WH010,SKU0035,3655,319,363
INV000771,WH010,SKU0003,2339,810,301
INV000772,WH010,SKU0041,1639,225,119
INV000773,WH010,SKU0009,606,562,138
INV000774,WH010,SKU0103,3646,189,464
INV000775,WH010,SKU0044,2618,783,227
INV000776,WH010,SKU0030,531,663,327
INV000777,WH010,SKU0022,2378,407,485
INV000778,WH010,SKU0061,1290,828,413
INV000779,WH010,SKU0077,1426,912,235
INV000780,WH010,SKU0016,4167,329,112
INV000781,WH010,SKU0060,1646,911,121
INV000782,WH010,SKU0048,1939,909,302
INV000783,WH010,SKU0037,215,469,333
INV000784,WH010,SKU0058,4688,477,289
INV000785,WH010,SKU0028,4519,232,363
INV000786,WH010,SKU0049,706,167,208
INV000787,WH010,SKU0075,3261,834,418
INV000788,WH010,SKU0001,3921,638,260
INV000789,WH010,SKU0114,3354,943,344
INV000790,WH010,SKU0118,604,228,212
INV000791,WH010,SKU0071,607,560,288
INV000792,WH010,SKU0119,4238,452,115
INV000793,WH010,SKU0059,4516,755,350
INV000794,WH010,SKU0050,1490,886,116
INV000795,WH010,SKU0108,3544,614,494
INV000796,WH010,SKU0088,453,951,113
INV000797,WH010,SKU0094,4244,256,205
INV000798,WH010,SKU0090,1348,265,215
INV000799,WH010,SKU0117,1847,454,315
INV000800,WH010,SKU0074,2326,966,90
INV000801,WH010,SKU0011,2052,301,375
INV000802,WH010,SKU0020,4512,381,114
INV000803,WH010,SKU0107,2480,729,323
INV000804,WH010,SKU0093,765,614,378
INV000805,WH010,SKU0043,1381,706,347
INV000806,WH010,SKU0026,1263,275,387
INV000807,WH010,SKU0076,4957,445,481
INV000808,WH010,SKU0083,4617,142,472
INV000809,WH010,SKU0054,232,183,73
INV000810,WH010,SKU0091,4724,371,383
INV000811,WH010,SKU0095,0,885,342
INV000812,WH010,SKU0079,3412,732,377
INV000813,WH010,SKU0002,248,609,371
INV000814,WH010,SKU0045,4469,396,378
INV000815,WH010,SKU0012,2474,594,175
INV000816,WH010,SKU0004,3326,404,282
INV000817,WH010,SKU0069,597,805,80
INV000818,WH010,SKU0065,1294,550,262
INV000819,WH010,SKU0073,3966,575,154
INV000820,WH010,SKU0008,2786,721,123
INV000821,WH010,SKU0082,0,982,417
INV000822,WH010,SKU0087,2615,851,490
INV000823,WH010,SKU0056,2829,508,116
INV000824,WH010,SKU0052,3035,627,337
INV000825,WH010,SKU0047,869,426,173
INV000826,WH010,SKU0031,3821,225,186
INV000827,WH010,SKU0013,3683,353,122
INV000828,WH010,SKU0081,793,151,198
INV000829,WH010,SKU0005,3146,984,365
INV000830,WH010,SKU0010,3425,354,493
INV000831,WH010,SKU0101,1308,933,217
INV000832,WH010,SKU0068,4732,838,210
INV000833,WH010,SKU0085,1555,881,131
INV000834,WH010,SKU0055,0,627,289
INV000835,WH010,SKU0084,4085,1000,207
INV000836,WH010,SKU0057,4074,123,96
INV000837,WH010,SKU0110,3221,617,284
INV000838,WH010,SKU0086,1972,320,348
INV000839,WH010,SKU0036,0,149,75
INV000840,WH010,SKU0027,2304,606,355
INV000841,WH011,SKU0092,3855,392,324
INV000842,WH011,SKU0099,66,967,105
INV000843,WH011,SKU0062,3530,237,185
INV000844,WH011,SKU0065,2996,882,256
INV000845,WH011,SKU0084,2997,146,255
INV000846,WH011,SKU0006,419,683,337
INV000847,WH011,SKU0080,1594,471,333
INV000848,WH011,SKU0108,2364,175,247
INV000849,WH011,SKU0103,4130,561,441
INV000850,WH011,SKU0011,4504,386,472
INV000851,WH011,SKU0036,973,231,99
INV000852,WH011,SKU0098,3226,482,456
INV000853,WH011,SKU0031,2777,671,237
INV000854,WH011,SKU0112,0,303,358
INV000855,WH011,SKU0081,4170,511,306
INV000856,WH011,SKU0012,329,146,69
INV000857,WH011,SKU0027,1122,830,220
INV000858,WH011,SKU0076,3880,631,283
INV000859,WH011,SKU0005,1220,720,313
INV000860,WH011,SKU0113,1145,435,363
INV000861,WH011,SKU0085,2609,266,251
INV000862,WH011,SKU0037,2451,707,222
INV000863,WH011,SKU0042,4155,948,310
INV000864,WH011,SKU0039,4360,601,412
INV000865,WH011,SKU0095,4611,406,293
INV000866,WH011,SKU0048,136,477,219
INV000867,WH011,SKU0089,897,526,348
INV000868,WH011,SKU0069,2520,915,421
INV000869,WH011,SKU0050,218,711,292
INV000870,WH011,SKU0044,0,771,450
INV000871,WH011,SKU0086,4738,691,166
INV000872,WH011,SKU0046,420,697,295
INV000873,WH011,SKU0116,1396,636,372
INV000874,WH011,SKU0102,3114,251,470
INV000875,WH011,SKU0010,1984,132,343
INV000876,WH011,SKU0058,900,295,59
INV000877,WH011,SKU0003,3612,421,264
INV000878,WH011,SKU0109,1240,522,403
INV000879,WH011,SKU0008,1670,520,306
INV000880,WH011,SKU0111,3863,993,484
INV000881,WH011,SKU0004,510,822,120
INV000882,WH011,SKU0097,4249,312,337
INV000883,WH011,SKU0094,2662,778,294
INV000884,WH011,SKU0107,4304,485,210
INV000885,WH011,SKU0096,1418,570,322
INV000886,WH011,SKU0014,2804,659,231
INV000887,WH011,SKU0066,2165,724,297
INV000888,WH011,SKU0018,1575,352,192
INV000889,WH011,SKU0068,4571,405,165
INV000890,WH011,SKU0114,2438,889,197
INV000891,WH011,SKU0016,1698,806,410
INV000892,WH011,SKU0105,4005,424,295
INV000893,WH011,SKU0060,2857,673,457
INV000894,WH011,SKU0045,2240,394,112
INV000895,WH011,SKU0067,4697,792,328
INV000896,WH011,SKU0078,3110,504,469
INV000897,WH011,SKU0064,2827,891,461
INV000898,WH011,SKU0032,1199,397,71
INV000899,WH011,SKU0019,2356,831,90
INV000900,WH011,SKU0056,2837,552,385
INV000901,WH011,SKU0088,2100,865,295
INV000902,WH011,SKU0087,1752,306,473
INV000903,WH011,SKU0023,4412,377,337
INV000904,WH011,SKU0030,2225,240,105
INV000905,WH011,SKU0013,4807,345,174
INV000906,WH011,SKU0119,415,785,321
INV000907,WH011,SKU0072,1848,753,169
INV000908,WH011,SKU0061,430,202,261
INV000909,WH011,SKU0077,2705,834,291
INV000910,WH011,SKU0020,823,797,444
INV000911,WH011,SKU0110,1126,105,331
INV000912,WH011,SKU0083,1293,516,384
INV000913,WH011,SKU0079,3896,588,383
INV000914,WH011,SKU0028,1633,874,197
INV000915,WH011,SKU0104,2631,392,380
INV000916,WH011,SKU0022,484,887,95
INV000917,WH011,SKU0101,4703,337,323
INV000918,WH011,SKU0029,305,279,263
INV000919,WH011,SKU0049,1440,137,478
INV000920,WH011,SKU0033,3252,906,303
INV000921,WH011,SKU0070,1526,866,496
INV000922,WH011,SKU0106,2371,997,69
INV000923,WH011,SKU0071,0,405,340
INV000924,WH011,SKU0100,4937,209,221
INV000925,WH012,SKU0090,2331,565,378
INV000926,WH012,SKU0035,4450,636,302
INV000927,WH012,SKU0016,1099,971,308
INV000928,WH012,SKU0063,3834,379,148
INV000929,WH012,SKU0051,922,438,133
INV000930,WH012,SKU0049,3759,763,181
INV000931,WH012,SKU0107,1525,114,427
INV000932,WH012,SKU0120,2761,909,201
INV000933,WH012,SKU0104,4651,790,437
INV000934,WH012,SKU0080,1582,279,362
INV000935,WH012,SKU0108,3321,946,268
INV000936,WH012,SKU0013,4221,435,94
INV000937,WH012,SKU0103,3283,785,98
INV000938,WH012,SKU0096,1513,243,294
INV000939,WH012,SKU0052,2650,354,53
INV000940,WH012,SKU0111,2136,492,170
INV000941,WH012,SKU0062,3659,871,186
INV000942,WH012,SKU0088,2700,409,348
INV000943,WH012,SKU0113,4693,111,183
INV000944,WH012,SKU0061,2945,809,170
INV000945,WH012,SKU0095,508,783,110
INV000946,WH012,SKU0015,3812,414,131
INV000947,WH012,SKU0039,3321,802,307
INV000948,WH012,SKU0055,2547,806,110
INV000949,WH012,SKU0003,2416,476,364
INV000950,WH012,SKU0032,1809,324,118
INV000951,WH012,SKU0046,3917,256,282
INV000952,WH012,SKU0050,4962,482,262
INV000953,WH012,SKU0043,4499,582,437
INV000954,WH012,SKU0089,4403,921,390
INV000955,WH012,SKU0115,1789,880,176
INV000956,WH012,SKU0008,4880,994,453
INV000957,WH012,SKU0101,670,638,278
INV000958,WH012,SKU0099,4326,820,235
INV000959,WH012,SKU0071,639,677,107
INV000960,WH012,SKU0056,505,948,330
INV000961,WH012,SKU0110,4140,307,343
INV000962,WH012,SKU0105,4396,253,134
INV000963,WH012,SKU0100,2687,974,316
INV000964,WH012,SKU0028,3619,219,398
INV000965,WH012,SKU0054,1682,834,348
INV000966,WH012,SKU0076,4004,193,311
INV000967,WH012,SKU0064,3649,928,78
INV000968,WH012,SKU0010,3714,235,312
INV000969,WH012,SKU0116,3403,567,338
INV000970,WH012,SKU0045,472,672,286
INV000971,WH012,SKU0084,2524,840,61
INV000972,WH012,SKU0065,3243,360,468
INV000973,WH012,SKU0079,24,863,161
INV000974,WH012,SKU0057,4737,174,73
INV000975,WH012,SKU0006,3470,452,408
INV000976,WH012,SKU0031,522,654,80
INV000977,WH012,SKU0027,565,583,66
INV000978,WH012,SKU0021,2351,518,142
INV000979,WH012,SKU0075,1109,884,378
INV000980,WH012,SKU0068,3443,483,245
INV000981,WH012,SKU0091,3674,990,243
INV000982,WH012,SKU0114,3077,182,399
INV000983,WH012,SKU0097,4417,236,384
INV000984,WH012,SKU0072,2848,221,141
INV000985,WH012,SKU0078,4401,502,320
INV000986,WH012,SKU0077,1043,845,164
INV000987,WH012,SKU0070,28,874,61
INV000988,WH012,SKU0017,2444,574,394
INV000989,WH012,SKU0034,4460,534,322
INV000990,WH012,SKU0093,3107,943,167
INV000991,WH012,SKU0041,2027,571,227
INV000992,WH012,SKU0042,1270,382,146
INV000993,WH012,SKU0018,924,132,464
INV000994,WH012,SKU0094,3434,729,442
INV000995,WH012,SKU0109,128,346,155
INV000996,WH012,SKU0058,551,203,354
INV000997,WH012,SKU0026,275,557,356
INV000998,WH012,SKU0004,398,350,429
INV000999,WH012,SKU0022,362,511,274
INV001000,WH012,SKU0073,1919,652,161
INV001001,WH012,SKU0025,462,243,307
INV001002,WH012,SKU0066,2369,339,467
INV001003,WH012,SKU0040,0,426,345
INV001004,WH012,SKU0092,4898,891,394
INV001005,WH012,SKU0014,2626,342,204
INV001006,WH012,SKU0083,1173,776,316
INV001007,WH012,SKU0098,1810,523,203
INV001008,WH012,SKU0059,2254,162,335
INV001009,WH013,SKU0120,4846,1000,426
INV001010,WH013,SKU0063,1434,741,397
INV001011,WH013,SKU0006,3499,669,303
INV001012,WH013,SKU0103,384,452,379
INV001013,WH013,SKU0091,3122,904,318
INV001014,WH013,SKU0119,2611,813,263
INV001015,WH013,SKU0041,3344,252,203
INV001016,WH013,SKU0105,3083,288,436
INV001017,WH013,SKU0093,4406,584,173
INV001018,WH013,SKU0065,1846,407,489
INV001019,WH013,SKU0005,1182,925,287
INV001020,WH013,SKU0096,472,675,261
INV001021,WH013,SKU0036,3412,670,321
INV001022,WH013,SKU0076,1098,497,174
INV001023,WH013,SKU0066,2088,308,219
INV001024,WH013,SKU0011,647,560,483
INV001025,WH013,SKU0045,3039,194,324
INV001026,WH013,SKU0046,1560,152,187
INV001027,WH013,SKU0020,3089,789,359
INV001028,WH013,SKU0028,4939,140,497
INV001029,WH013,SKU0033,596,292,461
INV001030,WH013,SKU0027,4813,841,393
INV001031,WH013,SKU0100,4578,322,295
INV001032,WH013,SKU0038,1711,990,220
INV001033,WH013,SKU0002,2483,115,158
INV001034,WH013,SKU0087,1556,859,110
INV001035,WH013,SKU0107,3923,348,406
INV001036,WH013,SKU0075,4951,820,154
INV001037,WH013,SKU0073,3249,345,332
INV001038,WH013,SKU0001,2634,894,194
INV001039,WH013,SKU0064,3118,577,323
INV001040,WH013,SKU0013,2943,415,183
INV001041,WH013,SKU0090,2946,625,304
INV001042,WH013,SKU0022,3817,200,461
INV001043,WH013,SKU0058,3846,879,479
INV001044,WH013,SKU0004,2623,308,239
INV001045,WH013,SKU0086,2563,523,73
INV001046,WH013,SKU0060,4608,984,163
INV001047,WH013,SKU0069,1195,116,183
INV001048,WH013,SKU0040,4532,698,346
INV001049,WH013,SKU0037,3420,402,128
INV001050,WH013,SKU0114,1607,437,167
INV001051,WH013,SKU0034,3111,683,476
INV001052,WH013,SKU0054,2013,611,331
INV001053,WH013,SKU0024,2765,363,440
INV001054,WH013,SKU0056,4002,840,378
INV001055,WH013,SKU0067,4018,571,136
INV001056,WH013,SKU0084,2885,273,121
INV001057,WH013,SKU0053,4477,600,144
INV001058,WH013,SKU0118,4441,757,80
INV001059,WH013,SKU0097,4292,134,479
INV001060,WH013,SKU0115,608,937,392
INV001061,WH013,SKU0116,397,882,53
INV001062,WH013,SKU0052,3378,240,481
INV001063,WH013,SKU0030,1895,169,412
INV001064,WH013,SKU0031,1237,109,161
INV001065,WH013,SKU0018,4142,566,241
INV001066,WH013,SKU0029,495,732,376
INV001067,WH013,SKU0085,3958,775,299
INV001068,WH013,SKU0079,128,106,322
INV001069,WH013,SKU0050,4519,521,56
INV001070,WH013,SKU0089,137,642,419
INV001071,WH013,SKU0048,2250,648,196
INV001072,WH013,SKU0110,140,614,466
INV001073,WH013,SKU0009,3527,925,141
INV001074,WH013,SKU0068,876,198,318
INV001075,WH013,SKU0014,1219,346,148
INV001076,WH013,SKU0007,4312,358,467
INV001077,WH013,SKU0077,2903,373,457
INV001078,WH013,SKU0023,0,180,241
INV001079,WH013,SKU0099,3326,570,339
INV001080,WH013,SKU0071,1992,813,165
INV001081,WH013,SKU0016,2457,800,473
INV001082,WH013,SKU0010,660,769,489
INV001083,WH013,SKU0032,259,195,257
INV001084,WH013,SKU0095,3106,486,332
INV001085,WH013,SKU0078,3899,157,376
INV001086,WH013,SKU0026,77,819,137
INV001087,WH013,SKU0112,677,611,482
INV001088,WH013,SKU0015,0,760,451
INV001089,WH013,SKU0109,2713,679,489
INV001090,WH013,SKU0082,781,640,71
INV001091,WH013,SKU0117,1882,316,494
INV001092,WH013,SKU0072,4643,586,188
INV001093,WH014,SKU0026,381,176,400
INV001094,WH014,SKU0044,2296,656,338
INV001095,WH014,SKU0007,269,283,485
INV001096,WH014,SKU0051,2576,116,156
INV001097,WH014,SKU0089,4808,247,435
INV001098,WH014,SKU0031,3262,178,203
INV001099,WH014,SKU0067,1330,677,173
INV001100,WH014,SKU0092,4642,954,484
INV001101,WH014,SKU0021,3187,793,326
INV001102,WH014,SKU0060,2717,493,436
INV001103,WH014,SKU0001,1146,909,402
INV001104,WH014,SKU0019,642,612,431
INV001105,WH014,SKU0023,2833,154,100
INV001106,WH014,SKU0105,3580,337,479
INV001107,WH014,SKU0033,622,448,359
INV001108,WH014,SKU0085,4879,506,446
INV001109,WH014,SKU0022,2673,130,374
INV001110,WH014,SKU0055,2239,902,280
INV001111,WH014,SKU0016,4019,333,232
INV001112,WH014,SKU0027,4530,484,271
INV001113,WH014,SKU0093,1521,796,349
INV001114,WH014,SKU0091,3113,187,445
INV001115,WH014,SKU0111,2419,917,176
INV001116,WH014,SKU0120,602,184,187
INV001117,WH014,SKU0002,1263,489,414
INV001118,WH014,SKU0040,1263,857,249
INV001119,WH014,SKU0097,2594,469,104
INV001120,WH014,SKU0078,749,105,207
INV001121,WH014,SKU0008,3643,468,439
INV001122,WH014,SKU0100,2209,204,117
INV001123,WH014,SKU0036,715,291,270
INV001124,WH014,SKU0010,3676,670,334
INV001125,WH014,SKU0096,4197,517,102
INV001126,WH014,SKU0087,215,191,231
INV001127,WH014,SKU0090,0,195,355
INV001128,WH014,SKU0113,4899,903,216
INV001129,WH014,SKU0029,3155,112,199
INV001130,WH014,SKU0028,3389,497,448
INV001131,WH014,SKU0081,693,842,336
INV001132,WH014,SKU0086,1988,685,316
INV001133,WH014,SKU0034,1389,801,244
INV001134,WH014,SKU0116,1388,242,187
INV001135,WH014,SKU0112,2466,374,302
INV001136,WH014,SKU0080,1195,164,135
INV001137,WH014,SKU0064,3560,382,265
INV001138,WH014,SKU0083,2455,595,450
INV001139,WH014,SKU0066,630,469,178
INV001140,WH014,SKU0013,2020,838,370
INV001141,WH014,SKU0038,4061,708,365
INV001142,WH014,SKU0101,1601,568,104
INV001143,WH014,SKU0032,1109,411,53
INV001144,WH014,SKU0082,3241,440,480
INV001145,WH014,SKU0024,3112,923,491
INV001146,WH014,SKU0017,0,550,221
INV001147,WH014,SKU0109,3527,935,471
INV001148,WH014,SKU0050,4869,239,203
INV001149,WH014,SKU0076,2626,717,405
INV001150,WH014,SKU0042,1645,590,210
INV001151,WH014,SKU0102,1455,507,213
INV001152,WH014,SKU0104,2387,852,405
INV001153,WH014,SKU0058,4022,689,450
INV001154,WH014,SKU0119,1985,433,242
INV001155,WH014,SKU0035,2296,936,452
INV001156,WH014,SKU0009,3218,473,108
INV001157,WH014,SKU0099,4619,304,353
INV001158,WH014,SKU0047,4469,284,399
INV001159,WH014,SKU0075,4506,127,422
INV001160,WH014,SKU0069,3781,825,157
INV001161,WH014,SKU0118,3591,916,199
INV001162,WH014,SKU0006,566,938,484
INV001163,WH014,SKU0114,3351,789,305
INV001164,WH014,SKU0041,1140,748,205
INV001165,WH014,SKU0057,1982,358,387
INV001166,WH014,SKU0074,1262,832,266
INV001167,WH014,SKU0054,3088,175,279
INV001168,WH014,SKU0098,4898,590,348
INV001169,WH014,SKU0020,3283,647,309
INV001170,WH014,SKU0072,3426,656,68
INV001171,WH014,SKU0095,2945,818,465
INV001172,WH014,SKU0004,4398,708,376
INV001173,WH014,SKU0052,696,211,443
INV001174,WH014,SKU0071,2033,773,390
INV001175,WH014,SKU0106,2908,270,381
INV001176,WH014,SKU0077,362,676,380
INV001177,WH015,SKU0043,3273,870,219
INV001178,WH015,SKU0108,3526,208,55
INV001179,WH015,SKU0047,807,364,163
INV001180,WH015,SKU0073,4183,864,315
INV001181,WH015,SKU0008,4571,694,402
INV001182,WH015,SKU0016,4712,326,278
INV001183,WH015,SKU0057,3064,500,287
INV001184,WH015,SKU0056,4821,807,306
INV001185,WH015,SKU0061,1234,453,62
INV001186,WH015,SKU0052,3954,207,201
INV001187,WH015,SKU0117,3407,187,109
INV001188,WH015,SKU0065,0,456,209
INV001189,WH015,SKU0024,2810,566,451
INV001190,WH015,SKU0095,1694,633,297
INV001191,WH015,SKU0021,0,587,99
INV001192,WH015,SKU0062,3589,839,406
INV001193,WH015,SKU0076,3706,426,84
INV001194,WH015,SKU0009,2459,145,464
INV001195,WH015,SKU0074,942,123,484
INV001196,WH015,SKU0003,2810,763,105
INV001197,WH015,SKU0104,1346,858,174
INV001198,WH015,SKU0084,0,278,332
INV001199,WH015,SKU0025,1311,438,336
INV001200,WH015,SKU0087,3492,573,168
INV001201,WH015,SKU0110,3318,744,144
INV001202,WH015,SKU0112,1526,755,386
INV001203,WH015,SKU0044,3540,505,64
INV001204,WH015,SKU0034,1616,560,353
INV001205,WH015,SKU0111,3518,498,52
INV001206,WH015,SKU0081,1759,310,192
INV001207,WH015,SKU0075,512,691,102
INV001208,WH015,SKU0113,4398,291,237
INV001209,WH015,SKU0114,2670,301,284
INV001210,WH015,SKU0011,933,368,393
INV001211,WH015,SKU0103,4009,640,377
INV001212,WH015,SKU0093,2567,711,248
INV001213,WH015,SKU0115,3215,701,108
INV001214,WH015,SKU0068,2850,460,482
INV001215,WH015,SKU0055,0,732,138
INV001216,WH015,SKU0054,2436,729,352
INV001217,WH015,SKU0069,694,788,118
INV001218,WH015,SKU0014,0,220,172
INV001219,WH015,SKU0018,2501,219,143
INV001220,WH015,SKU0026,3058,810,122
INV001221,WH015,SKU0049,0,497,264
INV001222,WH015,SKU0001,4885,241,344
INV001223,WH015,SKU0086,3143,533,145
INV001224,WH015,SKU0051,3986,750,325
INV001225,WH015,SKU0105,1419,668,135
INV001226,WH015,SKU0079,4011,395,121
INV001227,WH015,SKU0071,1532,422,481
INV001228,WH015,SKU0072,3694,734,77
INV001229,WH015,SKU0090,2941,109,298
INV001230,WH015,SKU0050,1118,299,467
INV001231,WH015,SKU0036,3145,675,308
INV001232,WH015,SKU0085,4054,518,400
INV001233,WH015,SKU0020,4028,525,413
INV001234,WH015,SKU0004,3636,600,135
INV001235,WH015,SKU0022,677,678,65
INV001236,WH015,SKU0029,1806,399,66
INV001237,WH015,SKU0037,2251,330,325
INV001238,WH015,SKU0067,2364,272,449
INV001239,WH015,SKU0015,0,679,430
INV001240,WH015,SKU0070,4057,662,311
INV001241,WH015,SKU0028,927,686,108
INV001242,WH015,SKU0107,2194,893,328
INV001243,WH015,SKU0083,3005,655,471
INV001244,WH015,SKU0035,0,878,418
INV001245,WH015,SKU0064,3615,659,161
INV001246,WH015,SKU0094,3482,204,426
INV001247,WH015,SKU0017,2027,404,497
INV001248,WH015,SKU0096,264,560,184
INV001249,WH015,SKU0046,2855,982,468
INV001250,WH015,SKU0102,712,549,493
INV001251,WH015,SKU0066,961,894,465
INV001252,WH015,SKU0082,1941,314,465
INV001253,WH015,SKU0012,4816,805,229
INV001254,WH015,SKU0116,4999,747,269
INV001255,WH015,SKU0078,1359,730,121
INV001256,WH015,SKU0002,1692,933,155
INV001257,WH015,SKU0100,486,683,229
INV001258,WH015,SKU0039,4360,387,355
INV001259,WH015,SKU0030,4413,272,215
INV001260,WH015,SKU0099,2397,396,343
INV001261,WH016,SKU0041,2190,978,313
INV001262,WH016,SKU0066,780,238,434
INV001263,WH016,SKU0074,3371,160,191
INV001264,WH016,SKU0005,1039,818,493
INV001265,WH016,SKU0036,1087,355,124
INV001266,WH016,SKU0023,2638,948,176
INV001267,WH016,SKU0102,3217,601,122
INV001268,WH016,SKU0040,0,747,187
INV001269,WH016,SKU0052,3393,484,281
INV001270,WH016,SKU0007,618,748,456
INV001271,WH016,SKU0111,762,512,313
INV001272,WH016,SKU0042,2279,811,499
INV001273,WH016,SKU0004,3023,565,299
INV001274,WH016,SKU0100,2681,695,51
INV001275,WH016,SKU0110,763,848,284
INV001276,WH016,SKU0014,2934,970,82
INV001277,WH016,SKU0055,4378,507,161
INV001278,WH016,SKU0068,3519,944,158
INV001279,WH016,SKU0112,4052,374,215
INV001280,WH016,SKU0029,2323,445,330
INV001281,WH016,SKU0113,4734,233,339
INV001282,WH016,SKU0026,3975,907,225
INV001283,WH016,SKU0049,396,147,100
INV001284,WH016,SKU0039,3764,116,113
INV001285,WH016,SKU0010,1294,551,283
INV001286,WH016,SKU0106,5,538,153
INV001287,WH016,SKU0073,1080,765,204
INV001288,WH016,SKU0028,1302,995,498
INV001289,WH016,SKU0082,0,195,385
INV001290,WH016,SKU0037,2952,356,92
INV001291,WH016,SKU0016,3046,780,382
INV001292,WH016,SKU0081,1355,153,252
INV001293,WH016,SKU0078,0,843,408
INV001294,WH016,SKU0096,1918,539,385
INV001295,WH016,SKU0062,747,820,98
INV001296,WH016,SKU0105,8,318,294
INV001297,WH016,SKU0085,638,235,353
INV001298,WH016,SKU0043,1852,631,398
INV001299,WH016,SKU0065,3645,109,54
INV001300,WH016,SKU0045,2814,936,111
INV001301,WH016,SKU0033,3459,810,117
INV001302,WH016,SKU0070,3913,172,167
INV001303,WH016,SKU0120,3138,191,424
INV001304,WH016,SKU0032,839,205,210
INV001305,WH016,SKU0067,3011,406,120
INV001306,WH016,SKU0031,3135,892,466
INV001307,WH016,SKU0116,1090,756,396
INV001308,WH016,SKU0091,1170,170,321
INV001309,WH016,SKU0051,4614,108,362
INV001310,WH016,SKU0030,1344,550,229
INV001311,WH016,SKU0095,1745,743,433
INV001312,WH016,SKU0117,1240,521,365
INV001313,WH016,SKU0109,3624,980,161
INV001314,WH016,SKU0108,710,202,121
INV001315,WH016,SKU0013,1008,703,423
INV001316,WH016,SKU0011,3145,459,269
INV001317,WH016,SKU0086,2576,910,121
INV001318,WH016,SKU0076,2029,383,380
INV001319,WH016,SKU0002,690,354,333
INV001320,WH016,SKU0114,4923,714,419
INV001321,WH016,SKU0077,4977,391,448
INV001322,WH016,SKU0054,219,968,483
INV001323,WH016,SKU0022,2471,310,315
INV001324,WH016,SKU0063,4971,621,146
INV001325,WH016,SKU0075,3209,402,380
INV001326,WH016,SKU0048,447,902,456
INV001327,WH016,SKU0104,1960,606,247
INV001328,WH016,SKU0009,923,346,305
INV001329,WH016,SKU0088,4865,172,320
INV001330,WH016,SKU0098,98,469,212
INV001331,WH016,SKU0094,1081,496,490
INV001332,WH016,SKU0083,4656,530,237
INV001333,WH016,SKU0020,4475,799,138
INV001334,WH016,SKU0118,3858,888,87
INV001335,WH016,SKU0090,136,701,84
INV001336,WH016,SKU0097,112,368,160
INV001337,WH016,SKU0087,326,161,454
INV001338,WH016,SKU0044,3260,618,196
INV001339,WH016,SKU0099,4104,885,262
INV001340,WH016,SKU0107,3469,818,255
INV001341,WH016,SKU0071,675,755,324
INV001342,WH016,SKU0050,4404,730,128
INV001343,WH016,SKU0089,2273,185,208
INV001344,WH016,SKU0119,647,623,154
